A,A,A,A,A,A,A,A,A,A,A,A,A,A,A,A,A,A,A,A,A,A,A,A,A,A,A,A,A,A,A,A,A,A,A,A,A,A,A,A,A,Count
,,,,,,,,,,,,,,,,,,,,,,,,,,,,,,,,,,,,,,,,,
A,T,A,A,T,A,A,A,A,A,A,A,T,A,A,T,A,A,A,A,A,A,A,T,A,A,A,A,A,A,A,A,T,A,A,A,A,A,A,A,A,1
A,A,A,A,A,A,A,A,T,A,A,A,T,A,A,T,A,A,A,A,A,A,A,T,A,A,A,A,A,A,A,A,A,A,A,A,A,A,A,A,A,1
A,A,A,A,T,A,A,A,A,A,T,A,T,A,A,T,A,A,A,A,A,A,A,T,A,T,A,A,A,A,A,A,A,A,A,A,A,A,A,A,A,1
A,A,A,A,A,A,A,A,A,A,A,A,T,A,A,T,A,A,A,A,A,A,A,T,A,A,A,T,A,A,A,T,A,A,A,A,A,A,A,A,A,1
A,A,A,A,T,A,A,A,A,A,A,A,A,T,A,T,A,A,A,A,A,A,A,T,A,A,A,A,A,A,A,A,A,A,A,A,A,A,A,A,A,1
A,A,A,A,T,A,A,A,A,A,A,A,A,A,A,T,A,A,A,A,A,A,A,A,A,A,A,A,A,A,A,A,A,A,A,T,A,A,A,A,A,1
A,A,A,A,A,A,T,A,A,A,A,A,T,A,A,T,A,A,A,A,A,A,A,T,A,A,A,A,A,A,A,A,A,A,A,A,A,A,A,A,A,1
A,A,A,A,A,A,A,A,A,A,A,A,A,A,A,T,A,A,A,A,A,A,A,T,A,A,A,A,A,A,A,A,A,A,A,A,A,A,A,T,A,1
A,A,A,A,A,A,A,A,A,A,A,A,A,A,A,A,A,A,A,A,A,A,A,T,A,A,A,A,A,A,A,A,A,A,A,A,A,A,A,A,A,1
A,A,A,A,A,A,A,A,A,A,A,A,A,A,A,T,A,A,A,A,A,A,A,T,A,A,T,A,A,A,A,A,A,A,A,A,A,A,A,A,A,1